﻿<?xml version="1.0" encoding="utf-8"?><Image TileSize="256" Overlap="1" Format="jpg" ServerFormat="Default" xmlns="http://schemas.microsoft.com/deepzoom/2009"><Size Width="57328" Height="34040" /><DisplayRects><DisplayRect MinLevel="0" MaxLevel="9"><Rect X="0" Y="0" Width="57328" Height="34040" /></DisplayRect><DisplayRect MinLevel="10" MaxLevel="10"><Rect X="0" Y="0" Width="57328" Height="34038" /></DisplayRect><DisplayRect MinLevel="11" MaxLevel="11"><Rect X="0" Y="0" Width="57328" Height="34038" /></DisplayRect><DisplayRect MinLevel="12" MaxLevel="12"><Rect X="0" Y="0" Width="57328" Height="34038" /></DisplayRect><DisplayRect MinLevel="13" MaxLevel="13"><Rect X="14414" Y="8558" Width="28500" Height="16922" /></DisplayRect><DisplayRect MinLevel="14" MaxLevel="14"><Rect X="20841" Y="12374" Width="15646" Height="9290" /></DisplayRect><DisplayRect MinLevel="15" MaxLevel="15"><Rect X="26616" Y="15803" Width="4096" Height="2432" /></DisplayRect><DisplayRect MinLevel="16" MaxLevel="16"><Rect X="26616" Y="15803" Width="4096" Height="2432" /></DisplayRect></DisplayRects></Image>